--
-- PostgreSQL database dump
--

-- Dumped from database version 15.2
-- Dumped by pg_dump version 15.2

SET statement_timeout = 0;
SET lock_timeout = 0;
SET idle_in_transaction_session_timeout = 0;
SET client_encoding = 'UTF8';
SET standard_conforming_strings = on;
SELECT pg_catalog.set_config('search_path', '', false);
SET check_function_bodies = false;
SET xmloption = content;
SET client_min_messages = warning;
SET row_security = off;

SET default_tablespace = '';

SET default_table_access_method = heap;

--
-- Name: authority; Type: TABLE; Schema: public; Owner: postgres
--

CREATE TABLE public.authority (
    id integer NOT NULL,
    permission character varying(50) NOT NULL
);


ALTER TABLE public.authority OWNER TO postgres;

--
-- Name: authority_id_seq; Type: SEQUENCE; Schema: public; Owner: postgres
--

CREATE SEQUENCE public.authority_id_seq
    AS integer
    START WITH 1
    INCREMENT BY 1
    NO MINVALUE
    NO MAXVALUE
    CACHE 1;


ALTER TABLE public.authority_id_seq OWNER TO postgres;

--
-- Name: authority_id_seq; Type: SEQUENCE OWNED BY; Schema: public; Owner: postgres
--

ALTER SEQUENCE public.authority_id_seq OWNED BY public.authority.id;


--
-- Name: client; Type: TABLE; Schema: public; Owner: postgres
--

CREATE TABLE public.client (
    client_id uuid NOT NULL,
    email character varying(255) NOT NULL,
    name character varying(255) NOT NULL,
    created_date timestamp(6) without time zone,
    phone_number character varying(255) NOT NULL,
    updated_date timestamp(6) without time zone,
    CONSTRAINT client_email_check CHECK (((length((email)::text) >= 3) AND (length((email)::text) <= 50))),
    CONSTRAINT client_name_check CHECK (((length((name)::text) >= 3) AND (length((name)::text) <= 50)))
);


ALTER TABLE public.client OWNER TO postgres;

--
-- Name: customer; Type: TABLE; Schema: public; Owner: postgres
--

CREATE TABLE public.customer (
    customer_id integer NOT NULL,
    name character varying(100) NOT NULL,
    email character varying(100) NOT NULL,
    mobile_number character varying(20) NOT NULL,
    pwd character varying(500) NOT NULL,
    role character varying(100) NOT NULL,
    create_dt date
);


ALTER TABLE public.customer OWNER TO postgres;

--
-- Name: customer_customer_id_seq; Type: SEQUENCE; Schema: public; Owner: postgres
--

CREATE SEQUENCE public.customer_customer_id_seq
    AS integer
    START WITH 1
    INCREMENT BY 1
    NO MINVALUE
    NO MAXVALUE
    CACHE 1;


ALTER TABLE public.customer_customer_id_seq OWNER TO postgres;

--
-- Name: customer_customer_id_seq; Type: SEQUENCE OWNED BY; Schema: public; Owner: postgres
--

ALTER SEQUENCE public.customer_customer_id_seq OWNED BY public.customer.customer_id;


--
-- Name: master; Type: TABLE; Schema: public; Owner: postgres
--

CREATE TABLE public.master (
    master_id uuid NOT NULL,
    created_date timestamp(6) without time zone,
    email character varying(255) NOT NULL,
    name character varying(255) NOT NULL,
    master_rating integer,
    phone_number character varying(255) NOT NULL,
    updated_date timestamp(6) without time zone,
    CONSTRAINT master_email_check CHECK (((length((email)::text) >= 3) AND (length((email)::text) <= 50))),
    CONSTRAINT master_name_check CHECK (((length((name)::text) >= 3) AND (length((name)::text) <= 50)))
);


ALTER TABLE public.master OWNER TO postgres;

--
-- Name: order_table; Type: TABLE; Schema: public; Owner: postgres
--

CREATE TABLE public.order_table (
    order_id uuid NOT NULL,
    created_date timestamp(6) without time zone,
    name character varying(255) NOT NULL,
    order_status character varying(255),
    updated_date timestamp(6) without time zone,
    client_id uuid NOT NULL,
    service_id uuid NOT NULL,
    CONSTRAINT order_table_name_check CHECK (((length((name)::text) >= 3) AND (length((name)::text) <= 50)))
);


ALTER TABLE public.order_table OWNER TO postgres;

--
-- Name: role; Type: TABLE; Schema: public; Owner: postgres
--

CREATE TABLE public.role (
    id integer NOT NULL,
    name character varying(50) NOT NULL
);


ALTER TABLE public.role OWNER TO postgres;

--
-- Name: role_id_seq; Type: SEQUENCE; Schema: public; Owner: postgres
--

CREATE SEQUENCE public.role_id_seq
    AS integer
    START WITH 1
    INCREMENT BY 1
    NO MINVALUE
    NO MAXVALUE
    CACHE 1;


ALTER TABLE public.role_id_seq OWNER TO postgres;

--
-- Name: role_id_seq; Type: SEQUENCE OWNED BY; Schema: public; Owner: postgres
--

ALTER SEQUENCE public.role_id_seq OWNED BY public.role.id;


--
-- Name: service; Type: TABLE; Schema: public; Owner: postgres
--

CREATE TABLE public.service (
    service_id uuid NOT NULL,
    created_date timestamp(6) without time zone,
    description character varying(255) NOT NULL,
    name character varying(255) NOT NULL,
    service_rating integer,
    updated_date timestamp(6) without time zone,
    master_id uuid NOT NULL,
    CONSTRAINT service_description_check CHECK (((length((description)::text) >= 3) AND (length((description)::text) <= 200))),
    CONSTRAINT service_name_check CHECK (((length((name)::text) >= 3) AND (length((name)::text) <= 50)))
);


ALTER TABLE public.service OWNER TO postgres;

--
-- Name: user; Type: TABLE; Schema: public; Owner: postgres
--

CREATE TABLE public."user" (
    id integer NOT NULL,
    username character varying(100) NOT NULL,
    password character varying(255) NOT NULL,
    enabled boolean NOT NULL
);


ALTER TABLE public."user" OWNER TO postgres;

--
-- Name: user_id_seq; Type: SEQUENCE; Schema: public; Owner: postgres
--

CREATE SEQUENCE public.user_id_seq
    AS integer
    START WITH 1
    INCREMENT BY 1
    NO MINVALUE
    NO MAXVALUE
    CACHE 1;


ALTER TABLE public.user_id_seq OWNER TO postgres;

--
-- Name: user_id_seq; Type: SEQUENCE OWNED BY; Schema: public; Owner: postgres
--

ALTER SEQUENCE public.user_id_seq OWNED BY public."user".id;


--
-- Name: authority id; Type: DEFAULT; Schema: public; Owner: postgres
--

ALTER TABLE ONLY public.authority ALTER COLUMN id SET DEFAULT nextval('public.authority_id_seq'::regclass);


--
-- Name: customer customer_id; Type: DEFAULT; Schema: public; Owner: postgres
--

ALTER TABLE ONLY public.customer ALTER COLUMN customer_id SET DEFAULT nextval('public.customer_customer_id_seq'::regclass);


--
-- Name: role id; Type: DEFAULT; Schema: public; Owner: postgres
--

ALTER TABLE ONLY public.role ALTER COLUMN id SET DEFAULT nextval('public.role_id_seq'::regclass);


--
-- Name: user id; Type: DEFAULT; Schema: public; Owner: postgres
--

ALTER TABLE ONLY public."user" ALTER COLUMN id SET DEFAULT nextval('public.user_id_seq'::regclass);


--
-- Data for Name: authority; Type: TABLE DATA; Schema: public; Owner: postgres
--

COPY public.authority (id, permission) FROM stdin;
1	READ
2	WRITE
3	DELETE
\.


--
-- Data for Name: client; Type: TABLE DATA; Schema: public; Owner: postgres
--

COPY public.client (client_id, email, name, created_date, phone_number, updated_date) FROM stdin;
e89b4032-0bf8-4805-974e-6921c52e26ac	anna@example.com	Anna Petrova	2023-07-30 19:54:27.237871	+380668765432	2023-07-30 19:54:27.237871
09af6833-5ced-4731-b5e5-4fb11350061a	peter@example.com	Peter Ivanov	2023-07-30 19:54:27.237871	+380987654321	2023-07-30 19:54:27.237871
9a33ca64-ae3a-4826-a64f-97de541ddee4	maria@example.com	Maria Sokolova	2023-07-30 19:54:27.237871	+380500000001	2023-07-30 19:54:27.237871
78c2368e-0b91-4b0e-9195-80b7dca0cca9	alex@example.com	Alex Johnson	2023-07-30 19:54:27.237871	+380503215678	2023-07-30 19:54:27.237871
5b10458d-0947-4503-864f-eba2a05e3e42	sophia@example.com	Sophia Smith	2023-07-30 19:54:27.237871	+380930000002	2023-07-30 19:54:27.237871
f220ac32-9e72-45d8-ad24-8102468234d3	oliver@example.com	Oliver Wilson	2023-07-30 19:54:27.237871	+380680000003	2023-07-30 19:54:27.237871
6a6a9738-d94c-4154-8f43-0a7ac0d34a07	michael54.williams@example.com	Kolyan Client5	2023-08-08 20:58:54.245934	+38012345677	2023-08-11 20:08:15.938587
e4a9f41e-214b-4e92-bf05-49644459d6bc	michael2.williams@example.com	Kolyan Client	2023-08-04 17:44:59.303065	+380931243502	2023-08-05 17:10:26.708888
bcbf5827-af33-428f-8333-336d86d15dbf	michael3.williams@example.com	Kolyan Client	2023-08-05 17:11:35.541659	+380934343502	2023-08-05 17:11:35.541659
873173ab-2563-4fdf-a527-7c4b38f35fb0	olena3@example.com	Olena Kovalenko	2023-07-31 14:36:07.629718	+380931234561	2023-07-31 14:36:07.629718
1c38bc4d-e501-4fa5-9f6f-ca02e465fc10	volodymyr2@example.com	Volodymyr Shevchenko	2023-07-31 14:36:07.629718	+380931234562	2023-07-31 14:36:07.629718
69fd7c68-3ba4-48e8-853e-4fda3e7d7a0f	iryna2@example.com	Iryna Morozova	2023-07-31 14:36:07.629718	+380931234563	2023-07-31 14:36:07.629718
d8f504fd-d3e7-40d7-8c8d-2594c3595a5f	dmytro2@example.com	Dmytro Tkachenko	2023-07-31 14:36:07.629718	+380931234564	2023-07-31 14:36:07.629718
65ce0497-63c2-4c26-b64c-af3434c20388	tetiana3@example.com	Tetiana Ivanenko	2023-07-31 14:36:07.629718	+380931234565	2023-07-31 14:36:07.629718
747542b8-58ca-4163-8a66-888e96b273c5	andrii2@example.com	Andrii Petriv	2023-07-31 14:36:07.629718	+380931234566	2023-07-31 14:36:07.629718
689e6356-fe14-4133-b14f-4e2a0545b329	oksana2@example.com	Oksana Hrytsenko	2023-07-31 14:36:07.629718	+380931234567	2023-07-31 14:36:07.629718
fc400708-7111-421a-9217-ef83f311b33f	vitalii2@example.com	Vitalii Symonenko	2023-07-31 14:36:07.629718	+380931234568	2023-07-31 14:36:07.629718
8aa5b500-0262-4d22-8227-27d81272763b	nina2@example.com	Nina Kovalenko	2023-07-31 14:36:07.629718	+380931234569	2023-07-31 14:36:07.629718
847d615a-19fc-4c4b-90a8-b68e6cca3843	oleh2@example.com	Oleh Shevchenko	2023-07-31 14:36:07.629718	+380931234570	2023-07-31 14:36:07.629718
4c8703ea-ac6e-4a68-9ffd-001dff532f53	liudmyla2@example.com	Liudmyla Morozova	2023-07-31 14:36:07.629718	+380931234571	2023-07-31 14:36:07.629718
c8399f02-c062-487b-8566-999088fe5ab6	mykola3@example.com	Mykola Tkachenko	2023-07-31 14:36:07.629718	+380931234572	2023-07-31 14:36:07.629718
8fb0cb4f-7adb-4299-acef-e9812dfd95d8	hanna2@example.com	Hanna Ivanenko	2023-07-31 14:36:07.629718	+380931234573	2023-07-31 14:36:07.629718
9ee5fea9-7b96-424c-8fe3-d728f979a723	yurii3@example.com	Yurii Petriv	2023-07-31 14:36:07.629718	+380931234574	2023-07-31 14:36:07.629718
89111aa2-0eca-474d-8cc9-8efcf47e4ff4	mariia3@example.com	Mariia Hrytsenko	2023-07-31 14:36:07.629718	+380931234575	2023-07-31 14:36:07.629718
f054feab-8824-402a-926c-b6d3901a4637	viktoriia2@example.com	Viktoriia Ivanova	2023-07-31 14:38:47.585423	+380931234576	2023-07-31 14:38:47.585423
db9c3137-c5d8-463b-a803-cb9eff7d526c	pavlo2@example.com	Pavlo Kovalov	2023-07-31 14:38:47.585423	+380931234577	2023-07-31 14:38:47.585423
21b10cbb-c646-4232-8875-3b89fbebc617	alina2@example.com	Alina Shevchenko	2023-07-31 14:38:47.585423	+380931234578	2023-07-31 14:38:47.585423
4469feca-a0d1-4952-953a-2f4d6d7bb289	danylo2@example.com	Danylo Morozov	2023-07-31 14:38:47.585423	+380931234579	2023-07-31 14:38:47.585423
8aacdb8f-744a-4ac7-961f-748c113e51f6	anastasiia2@example.com	Anastasiia Tkachenko	2023-07-31 14:38:47.585423	+380931234580	2023-07-31 14:38:47.585423
7bb3ffb3-7d21-4a05-b01f-807a8d8d9e2b	serhii2@example.com	Serhii Ivanenko	2023-07-31 14:38:47.585423	+380931234581	2023-07-31 14:38:47.585423
a6fdf591-83b5-40fe-9556-46c9e524abdd	kateryna2@example.com	Kateryna Petriv	2023-07-31 14:38:47.585423	+380931234582	2023-07-31 14:38:47.585423
a7dce235-3a48-4190-9429-f5fdde10d58c	roman2@example.com	Roman Hrytsenko	2023-07-31 14:38:47.585423	+380931234583	2023-07-31 14:38:47.585423
03d3e58d-e847-4dc1-8a70-717f19a413b0	olesia2@example.com	Olesia Symonenko	2023-07-31 14:38:47.585423	+380931234584	2023-07-31 14:38:47.585423
a6aec43f-f0a7-4dac-b7fd-89a421b6cb64	ihor2@example.com	Ihor Kovalenko	2023-07-31 14:38:47.585423	+380931234585	2023-07-31 14:38:47.585423
3a65a53f-025a-4eb7-9ade-84a79026b8d7	yuliia2@example.com	Yuliia Shevchenko	2023-07-31 14:38:47.585423	+380931234586	2023-07-31 14:38:47.585423
85323878-5a1b-4b42-a4f4-404a875c9638	vasyl2@example.com	Vasyl Morozov	2023-07-31 14:38:47.585423	+380931234587	2023-07-31 14:38:47.585423
1eff13a9-1e94-47c8-834b-80c9fa4ccd91	anhelina2@example.com	Anhelina Tkachenko	2023-07-31 14:38:47.585423	+380931234588	2023-07-31 14:38:47.585423
2e462460-e15a-47f9-ab12-16a225c19d83	yaroslav2@example.com	Yaroslav Ivanenko	2023-07-31 14:38:47.585423	+380931234589	2023-07-31 14:38:47.585423
f7bebf55-3da5-452b-ba3f-7c967886a45e	iryna3@example.com	Iryna Petriv	2023-07-31 14:38:47.585423	+380931234590	2023-07-31 14:38:47.585423
581e81ba-bd9e-4e98-8f0d-2d55ed40efd1	oleksandr2@example.com	Oleksandr Hrytsenko	2023-07-31 14:38:47.585423	+380931234591	2023-07-31 14:38:47.585423
839caeab-a21a-44e2-845e-454ea3dc2eaa	mariia4@example.com	Mariia Symonenko	2023-07-31 14:38:47.585423	+380931234592	2023-07-31 14:38:47.585423
d4973773-65ff-4aec-9570-038eebccda51	andrii3@example.com	Andrii Kovalenko	2023-07-31 14:38:47.585423	+380931234593	2023-07-31 14:38:47.585423
e35b88f5-ec67-4348-b8cb-8522b0784de9	olha2@example.com	Olha Shevchenko	2023-07-31 14:38:47.585423	+380931234594	2023-07-31 14:38:47.585423
2a6c6ac0-907c-44f9-bb41-fdfa270e076e	taras2@example.com	Taras Morozov	2023-07-31 14:38:47.585423	+380931234595	2023-07-31 14:38:47.585423
f01eebb4-47e0-4dc9-a344-e0cd3df2484f	valeriia2@example.com	Valeriia Tkachenko	2023-07-31 14:38:47.585423	+380931234596	2023-07-31 14:38:47.585423
5c2f86a0-fc49-41ba-8657-0f2d1f14825b	bohdan2@example.com	Bohdan Ivanenko	2023-07-31 14:38:47.585423	+380931234597	2023-07-31 14:38:47.585423
a4a46248-a32f-4188-a060-4dba777ab96a	iuliia2@example.com	Iuliia Petriv	2023-07-31 14:38:47.585423	+380931234598	2023-07-31 14:38:47.585423
14bda528-b9b4-4839-9ed5-06ca90c8f325	mykhailo2@example.com	Mykhailo Hrytsenko	2023-07-31 14:38:47.585423	+380931234599	2023-07-31 14:38:47.585423
ae719084-bebb-42dc-a20b-4bf3f5631e4e	tetiana4@example.com	Tetiana Symonenko	2023-07-31 14:38:47.585423	+380931234510	2023-07-31 14:38:47.585423
bd025ec9-f738-42ac-8340-91a349035ac1	oleksandra3@example.com	Oleksandra Kovalenko	2023-07-31 14:38:47.585423	+380931234511	2023-07-31 14:38:47.585423
244bb049-4e67-4a81-b0fb-917b548196cd	serhii3@example.com	Serhii Shevchenko	2023-07-31 14:38:47.585423	+380931234512	2023-07-31 14:38:47.585423
14d68b4a-182e-44d1-8084-b9cec2425c29	anastasiia3@example.com	Anastasiia Morozova	2023-07-31 14:38:47.585423	+380931234513	2023-07-31 14:38:47.585423
cc8346f0-9fbe-4660-b2fa-0e20a11d042a	dmytro3@example.com	Dmytro Tkachenko	2023-07-31 14:38:47.585423	+380931234514	2023-07-31 14:38:47.585423
f3cceb6a-e1c3-492c-8b0d-9c1467d50bfd	viktoria2@example.com	Viktoria Ivanenko	2023-07-31 14:38:47.585423	+380931234515	2023-07-31 14:38:47.585423
9be94312-befd-49fd-b71d-507c9e5a8197	pavlo3@example.com	Pavlo Petriv	2023-07-31 14:38:47.585423	+380931234516	2023-07-31 14:38:47.585423
bac4e159-6438-4f57-a3b9-07940e98a5a9	alina3@example.com	Alina Hrytsenko	2023-07-31 14:38:47.585423	+380931234517	2023-07-31 14:38:47.585423
ba0c0aa2-5d06-4a90-b0d5-2fea25cdd8bc	danylo3@example.com	Danylo Symonenko	2023-07-31 14:38:47.585423	+380931234518	2023-07-31 14:38:47.585423
03d1234d-5f1c-4112-b2a3-f692c5b5eb90	anastasiia4@example.com	Anastasiia Kovalenko	2023-07-31 14:38:47.585423	+380931234519	2023-07-31 14:38:47.585423
3a624e9d-6866-440f-8dca-e25239b94c87	serhii4@example.com	Serhii Shevchenko	2023-07-31 14:38:47.585423	+380931234520	2023-07-31 14:38:47.585423
c0e5a323-e341-4af8-8667-f4f5e11bc49d	john.smith@example.com	John Smith	2023-07-31 14:53:09.43263	+380931234500	2023-07-31 14:53:09.43263
979b573e-e063-4018-b250-27ae808add10	emma.johnson@example.com	Emma Johnson	2023-07-31 14:53:09.43263	+380931234501	2023-07-31 14:53:09.43263
33741016-5914-4296-804c-a49877e80810	michael.williams@example.com	Michael Williams	2023-07-31 14:53:09.43263	+380931234502	2023-07-31 14:53:09.43263
5452039a-b27f-467e-b5fa-07cc43bc0eae	sophia.jones@example.com	Sophia Jones	2023-07-31 14:53:09.43263	+380931234503	2023-07-31 14:53:09.43263
02f8a52d-c493-4738-8c6a-decdacc0b2c1	matthew.brown@example.com	Matthew Brown	2023-07-31 14:53:09.43263	+380931234504	2023-07-31 14:53:09.43263
e1393b63-7835-4468-b29d-25a06c1504dd	olivia.davis@example.com	Olivia Davis	2023-07-31 14:53:09.43263	+380931234505	2023-07-31 14:53:09.43263
5b4f8512-869e-4b18-aa51-34357fefdf60	isabella.wilson@example.com	Isabella Wilson	2023-07-31 14:53:09.43263	+380931234507	2023-07-31 14:53:09.43263
8bb661c3-bcbf-49e6-82a0-5e3a49dc2d04	william.taylor@example.com	William Taylor	2023-07-31 14:53:09.43263	+380931234508	2023-07-31 14:53:09.43263
2efcfa45-cd08-4fe8-b134-345eb9c452c8	sophia.white@example.com	Sophia White	2023-07-31 14:53:09.43263	+380931234509	2023-07-31 14:53:09.43263
fed04fc7-8d67-4d38-9f15-3e408ff59666	ava.hayes@example.com	Ava Hayes	2023-07-31 14:53:09.43263	+380931234600	2023-07-31 14:53:09.43263
\.


--
-- Data for Name: customer; Type: TABLE DATA; Schema: public; Owner: postgres
--

COPY public.customer (customer_id, name, email, mobile_number, pwd, role, create_dt) FROM stdin;
\.


--
-- Data for Name: master; Type: TABLE DATA; Schema: public; Owner: postgres
--

COPY public.master (master_id, created_date, email, name, master_rating, phone_number, updated_date) FROM stdin;
744bfe97-1324-4b0f-a38b-7622d705492e	2023-07-30 19:54:27.256946	viktor_master@example.com	Viktor Popov Master	4	+380503214567	2023-07-30 19:54:27.256946
391f120c-77d8-410c-932c-c8524c0b1e1e	2023-07-30 19:54:27.256946	olga_master@example.com	Olga Morozova Master	5	+380672345678	2023-07-30 19:54:27.256946
f9e1cfb2-51ef-42f3-9870-ed82b13289c3	2023-07-30 19:54:27.256946	ivan_kozlov@example.com	Ivan Kozlov Master	3	+380730000000	2023-07-30 19:54:27.256946
e8f87506-7cc2-4383-bbab-431b024b69f5	2023-07-30 19:54:27.256946	natalia_master@example.com	Natalia Petrova Master	4	+380500000004	2023-07-30 19:54:27.256946
e356cae6-2662-4fff-84a7-2ad527c874b8	2023-07-30 19:54:27.256946	ekaterina_master@example.com	Ekaterina Morozova Master	3	+380673458967	2023-07-30 19:54:27.256946
957655ac-0f38-4db4-8cf1-4676a26153e6	2023-07-30 20:05:31.489121	john_master@example.com	John Smith Master	4	+1 (555) 123-4567	2023-07-30 20:05:31.489121
16acd501-a0cf-4713-af06-ee4a242d7771	2023-07-30 20:05:31.489121	emily_master@example.com	Emily Johnson Master	5	+1 (555) 987-6543	2023-07-30 20:05:31.489121
eccf50da-5895-40bc-b302-5e2ebbc77efd	2023-07-30 20:05:31.489121	michael_master@example.com	Michael Williams Master	3	+1 (555) 111-2222	2023-07-30 20:05:31.489121
b368ac26-0a15-4962-a72a-135e2c01928f	2023-07-30 20:05:31.489121	david_master@example.com	David Jones Master	5	+1 (555) 555-6789	2023-07-30 20:05:31.489121
c6f17038-c42b-4a9d-a889-ba9f52b77e5a	2023-07-30 20:05:31.489121	sarah_master@example.com	Sarah Davis Master	3	+1 (555) 777-8888	2023-07-30 20:05:31.489121
cb0c32ff-2899-4dd8-b7b4-edaccb1cfac7	2023-07-30 20:05:31.489121	william_master@example.com	William Anderson Master	4	+1 (555) 999-0000	2023-07-30 20:05:31.489121
de63c404-54bb-4d28-9365-6e2ff25c5d23	2023-07-30 20:05:31.489121	olivia_master@example.com	Olivia Lee Master	5	+1 (555) 222-3333	2023-07-30 20:05:31.489121
7ff6210c-4ce2-42ea-baf1-457056ef8390	2023-07-30 20:05:31.489121	james_master@example.com	James Clark Master	3	+1 (555) 444-5555	2023-07-30 20:05:31.489121
39d6cde9-7d81-4bc9-b50f-2916c601e1c7	2023-07-30 20:05:31.489121	ava_master@example.com	Ava Scott Master	4	+1 (555) 666-7777	2023-07-30 20:05:31.489121
79d005c5-399f-4845-9db7-67361d45c2b1	2023-07-30 20:05:31.489121	robinson_master@example.com	William Robinson Master	5	+1 (555) 888-9999	2023-07-30 20:05:31.489121
f29d14f4-8abd-4a5e-8fcc-359b5a62742c	2023-08-04 21:47:27.249617	squidward@gmail.com	Squidward	0	+380994654321	2023-08-04 21:47:27.249617
4b252857-f7f0-4225-9cbd-fcb7fde8a417	2023-07-30 20:05:31.489121	emma_master@example.com	Emma Brown Master	0	+1 (555) 333-4444	2023-08-04 22:09:36.481027
606e88f1-0027-4819-b2c3-7836fefa3120	2023-08-05 17:16:27.374024	squidward5@gmail.com	Andrey Ivanov Master2	0	+380995554321	2023-08-11 20:16:57.623693
a8d13a32-3a9f-4c2f-9154-fadf536c678c	2023-07-30 19:54:27.256946	squidward2@gmail.com	Andrey Ivanov Master2	0	+380994454321	2023-08-12 13:14:29.832265
\.


--
-- Data for Name: order_table; Type: TABLE DATA; Schema: public; Owner: postgres
--

COPY public.order_table (order_id, created_date, name, order_status, updated_date, client_id, service_id) FROM stdin;
5d2ad378-0737-4777-bf84-a9f8ec69205a	2023-07-30 20:06:56.780271	F815701F	SCHEDULED	2023-08-01 20:07:19.459104	e89b4032-0bf8-4805-974e-6921c52e26ac	98be9f8e-ef1f-419c-957e-cd910f1c2115
93744875-2bb7-4947-b366-245f3dd4f810	2023-07-30 19:54:27.382959	4A8B3869	SCHEDULED	2023-07-30 19:54:27.382959	e89b4032-0bf8-4805-974e-6921c52e26ac	9e31a706-ea3d-4623-b270-67161398fb4d
5e5b2564-6a7f-4134-ba82-a3e277634520	2023-07-30 19:54:27.382959	1DDA6BCA	SCHEDULED	2023-07-30 19:54:27.382959	5b10458d-0947-4503-864f-eba2a05e3e42	9e31a706-ea3d-4623-b270-67161398fb4d
3cd0468c-8d13-4275-89ff-c887380a2abe	2023-07-30 19:54:27.382959	4BF68832	SCHEDULED	2023-07-30 19:54:27.382959	78c2368e-0b91-4b0e-9195-80b7dca0cca9	5f60a217-7906-4fe7-a9c7-3bc93eac371d
22e64cff-1962-432b-8042-61b4750e8586	2023-07-30 19:54:27.382959	660C669D	SCHEDULED	2023-07-30 19:54:27.382959	09af6833-5ced-4731-b5e5-4fb11350061a	c970a79b-ab19-40ad-89a9-be8fa9ca9e27
9dfb0109-fcc1-4597-99e3-f9a9109d0851	2023-07-30 19:54:27.382959	48664940	SCHEDULED	2023-07-30 19:54:27.382959	e89b4032-0bf8-4805-974e-6921c52e26ac	beb90000-536f-44f4-88b7-e962329ba9ef
71ac2698-69e3-447a-a039-d4d588b5497e	2023-07-30 20:06:56.780271	4EDF4C4B	SCHEDULED	2023-07-30 20:06:56.780271	09af6833-5ced-4731-b5e5-4fb11350061a	4b5dd5a7-b5ae-4b93-9774-298444b32326
6b8ef6db-3750-4d6b-9df8-c87331719e4e	2023-07-30 20:06:56.780271	16AACF08	SCHEDULED	2023-07-30 20:06:56.780271	09af6833-5ced-4731-b5e5-4fb11350061a	c321276e-57cd-49a0-9491-65b63ce6d9f7
189250c2-c5ce-4249-b78e-d4c8190caab6	2023-07-30 20:06:56.780271	4C54694D	SCHEDULED	2023-07-30 20:06:56.780271	78c2368e-0b91-4b0e-9195-80b7dca0cca9	c9e36b00-4c82-4c22-a352-371edd22d657
60aa81d5-58d5-485f-b95d-9b1f42f922ca	2023-07-30 20:06:56.914358	CF7782F1	SCHEDULED	2023-07-30 20:06:56.914358	5b10458d-0947-4503-864f-eba2a05e3e42	e83753d7-99d3-4bb8-b8dc-c1371a20a3c2
6a98baff-b52c-4e79-9738-e7bb0a06c491	2023-07-30 20:06:56.914358	EA6027FD	SCHEDULED	2023-07-30 20:06:56.914358	f220ac32-9e72-45d8-ad24-8102468234d3	9f703cba-2770-4821-86d8-151b869b7833
8ed6a073-e530-4799-a5d7-aed1ea94b64d	2023-07-30 20:06:56.914358	7F34D74A	SCHEDULED	2023-07-30 20:06:56.914358	9a33ca64-ae3a-4826-a64f-97de541ddee4	5f60a217-7906-4fe7-a9c7-3bc93eac371d
4dac57d0-9a71-4caa-8b4c-e8c140afe20a	2023-07-30 20:06:56.914358	A1E71503	SCHEDULED	2023-07-30 20:06:56.914358	e89b4032-0bf8-4805-974e-6921c52e26ac	cb0cf04a-5ff3-432a-9eec-d01df7179f79
3b3ea724-a917-4ad5-8e85-e4497544874d	2023-07-30 20:06:56.914358	39225AA9	SCHEDULED	2023-07-30 20:06:56.914358	f220ac32-9e72-45d8-ad24-8102468234d3	d262d84b-d1ed-418e-a3b8-814d3c8c745a
2196329f-bc55-4960-a60c-f2f201e23ac9	2023-07-30 20:06:56.914358	F58FAE2F	SCHEDULED	2023-07-30 20:06:56.914358	f220ac32-9e72-45d8-ad24-8102468234d3	6715dd09-d1f3-4185-a702-867e732873f4
a1e15c8d-0c23-427c-856f-778994cab725	2023-07-30 20:06:56.914358	628BE73B	SCHEDULED	2023-07-30 20:06:56.914358	5b10458d-0947-4503-864f-eba2a05e3e42	20b614cf-6a34-4c5f-9c3b-4aa1cf45b277
a81500b0-b9f3-4b95-9729-fe7bfdfa49da	2023-07-30 20:06:56.914358	52FA245B	SCHEDULED	2023-07-30 20:06:56.914358	09af6833-5ced-4731-b5e5-4fb11350061a	cb0cf04a-5ff3-432a-9eec-d01df7179f79
ee2f3c79-4ddb-441f-9570-c11462c2a240	2023-07-30 20:06:56.914358	07F00580	SCHEDULED	2023-07-30 20:06:56.914358	09af6833-5ced-4731-b5e5-4fb11350061a	c321276e-57cd-49a0-9491-65b63ce6d9f7
b9299b8f-8e4b-425e-8858-246c65dac48e	2023-07-30 20:06:56.914358	68161BBB	SCHEDULED	2023-07-30 20:06:56.914358	5b10458d-0947-4503-864f-eba2a05e3e42	c321276e-57cd-49a0-9491-65b63ce6d9f7
82fbc8bd-c8cb-4170-b9b4-6061c5e1ffb3	2023-07-30 20:06:56.914358	1DC14D2F	SCHEDULED	2023-07-30 20:06:56.914358	09af6833-5ced-4731-b5e5-4fb11350061a	beb90000-536f-44f4-88b7-e962329ba9ef
e61bca80-a5df-473c-8344-40cf5f0e97f5	2023-07-30 20:06:56.914358	5FDAC11C	SCHEDULED	2023-07-30 20:06:56.914358	f220ac32-9e72-45d8-ad24-8102468234d3	74e7927e-84ac-416f-a239-7cf263b29543
b83a7cbb-3554-4274-a311-fde8a54bb2ce	2023-07-30 20:06:56.914358	095967B6	SCHEDULED	2023-07-30 20:06:56.914358	9a33ca64-ae3a-4826-a64f-97de541ddee4	beb90000-536f-44f4-88b7-e962329ba9ef
1bb4aef5-82bc-46a9-b007-fd793c24dedb	2023-07-30 20:06:56.914358	82E72692	SCHEDULED	2023-07-30 20:06:56.914358	f220ac32-9e72-45d8-ad24-8102468234d3	f93aaabb-27e0-4753-8c0d-0448294a3786
2dcd6d1c-b561-416f-95a2-b56cce3e6508	2023-07-30 20:06:56.914358	8F2A9877	SCHEDULED	2023-07-30 20:06:56.914358	78c2368e-0b91-4b0e-9195-80b7dca0cca9	a06df4da-36d7-46d0-a000-b7adeaac0d03
1be9a07a-f87a-4050-829e-4af15db45bd0	2023-07-30 20:06:56.914358	BD2CC511	SCHEDULED	2023-07-30 20:06:56.914358	e89b4032-0bf8-4805-974e-6921c52e26ac	20b614cf-6a34-4c5f-9c3b-4aa1cf45b277
432818fb-202d-4a0a-a900-a05ce7020db0	2023-07-30 20:06:56.914358	25BF2E5F	SCHEDULED	2023-07-30 20:06:56.914358	5b10458d-0947-4503-864f-eba2a05e3e42	9f703cba-2770-4821-86d8-151b869b7833
e3ebedb9-0b82-458f-b67c-914f279fa35a	2023-07-30 20:06:56.914358	DC24F2AC	SCHEDULED	2023-07-30 20:06:56.914358	09af6833-5ced-4731-b5e5-4fb11350061a	f93aaabb-27e0-4753-8c0d-0448294a3786
0c5f66e4-7c7f-4f10-bf39-2b7c17d9b5a7	2023-07-30 20:06:56.914358	D99889E4	SCHEDULED	2023-07-30 20:06:56.914358	78c2368e-0b91-4b0e-9195-80b7dca0cca9	c321276e-57cd-49a0-9491-65b63ce6d9f7
468831e8-9082-4e8f-8f08-05df8ee0b481	2023-07-30 20:06:56.914358	81DBA16A	SCHEDULED	2023-07-30 20:06:56.914358	e89b4032-0bf8-4805-974e-6921c52e26ac	f93aaabb-27e0-4753-8c0d-0448294a3786
9e2a9639-be42-4f5a-a0c5-6f2cdce90145	2023-07-30 20:06:56.914358	010ABD3C	SCHEDULED	2023-07-30 20:06:56.914358	09af6833-5ced-4731-b5e5-4fb11350061a	cb0cf04a-5ff3-432a-9eec-d01df7179f79
fc385611-1735-4a9a-9485-44919f131c02	2023-07-30 20:06:56.914358	2EE29379	SCHEDULED	2023-07-30 20:06:56.914358	09af6833-5ced-4731-b5e5-4fb11350061a	98be9f8e-ef1f-419c-957e-cd910f1c2115
8aad2306-5237-4d85-8cb9-69abb12a80a3	2023-07-30 20:06:56.914358	B40BEEBC	SCHEDULED	2023-07-30 20:06:56.914358	e89b4032-0bf8-4805-974e-6921c52e26ac	9f703cba-2770-4821-86d8-151b869b7833
01a8ae74-4018-4bf2-a460-f2b30cde0f68	2023-07-30 20:06:56.914358	0EC06E50	SCHEDULED	2023-07-30 20:06:56.914358	e89b4032-0bf8-4805-974e-6921c52e26ac	cb0cf04a-5ff3-432a-9eec-d01df7179f79
77d79041-a8f2-420a-8b0a-abd58b8dd351	2023-07-30 20:06:56.914358	DBFA529A	SCHEDULED	2023-07-30 20:06:56.914358	5b10458d-0947-4503-864f-eba2a05e3e42	6715dd09-d1f3-4185-a702-867e732873f4
1e441094-77e0-4168-b719-3b73ba9f8ca5	2023-07-30 20:06:56.914358	E9BAE507	SCHEDULED	2023-07-30 20:06:56.914358	5b10458d-0947-4503-864f-eba2a05e3e42	bbfa3bd9-fe3a-48e1-85e8-c31367bc8025
679b1e14-70de-4418-935b-276ea41e1232	2023-07-30 20:06:56.914358	E7030207	SCHEDULED	2023-07-30 20:06:56.914358	9a33ca64-ae3a-4826-a64f-97de541ddee4	4b5dd5a7-b5ae-4b93-9774-298444b32326
a94a5987-735a-4b6b-853a-1962f806d1ca	2023-07-30 20:06:56.914358	5AC79B82	SCHEDULED	2023-07-30 20:06:56.914358	5b10458d-0947-4503-864f-eba2a05e3e42	20b614cf-6a34-4c5f-9c3b-4aa1cf45b277
925b26f7-5953-4cda-b9a4-9716d1074c6a	2023-07-30 20:06:56.914358	F8006C9F	SCHEDULED	2023-07-30 20:06:56.914358	09af6833-5ced-4731-b5e5-4fb11350061a	d262d84b-d1ed-418e-a3b8-814d3c8c745a
e3633934-9bce-49d8-a94d-6a570e55ec22	2023-07-30 20:06:56.914358	402CD461	SCHEDULED	2023-07-30 20:06:56.914358	f220ac32-9e72-45d8-ad24-8102468234d3	e83753d7-99d3-4bb8-b8dc-c1371a20a3c2
5b832bc6-b226-4abe-a722-0d6a44dd67aa	2023-07-30 20:06:56.914358	9B85312A	SCHEDULED	2023-07-30 20:06:56.914358	9a33ca64-ae3a-4826-a64f-97de541ddee4	f93aaabb-27e0-4753-8c0d-0448294a3786
aa81c7cf-e5fa-428b-9277-e0303676c02d	2023-07-30 20:06:56.914358	3A42D4C4	SCHEDULED	2023-07-30 20:06:56.914358	5b10458d-0947-4503-864f-eba2a05e3e42	74e7927e-84ac-416f-a239-7cf263b29543
33cd949d-9f7a-4e40-80c8-a9f94cec55fc	2023-07-30 20:06:56.914358	2B7F40C1	SCHEDULED	2023-07-30 20:06:56.914358	78c2368e-0b91-4b0e-9195-80b7dca0cca9	beb90000-536f-44f4-88b7-e962329ba9ef
39b12ee2-44b7-41f2-83b1-fd61e9f144a8	2023-07-30 20:06:56.914358	7A3F7FEC	SCHEDULED	2023-07-30 20:06:56.914358	9a33ca64-ae3a-4826-a64f-97de541ddee4	20b614cf-6a34-4c5f-9c3b-4aa1cf45b277
e3558a94-7f9d-4e69-894e-9d5e764d0978	2023-07-30 20:06:56.914358	121FAC82	SCHEDULED	2023-07-30 20:06:56.914358	9a33ca64-ae3a-4826-a64f-97de541ddee4	f93aaabb-27e0-4753-8c0d-0448294a3786
ea361181-0947-4231-b87e-a5377c510f43	2023-07-30 20:06:56.914358	5EC52FC0	SCHEDULED	2023-07-30 20:06:56.914358	78c2368e-0b91-4b0e-9195-80b7dca0cca9	4b5dd5a7-b5ae-4b93-9774-298444b32326
92abe529-1151-46fb-8788-7aaf8ff6516d	2023-07-30 20:06:56.914358	089AC575	SCHEDULED	2023-07-30 20:06:56.914358	e89b4032-0bf8-4805-974e-6921c52e26ac	9e31a706-ea3d-4623-b270-67161398fb4d
890d26ba-4676-4b0b-89a6-be7ad78fea3d	2023-07-30 20:06:56.914358	A2DB0464	SCHEDULED	2023-07-30 20:06:56.914358	09af6833-5ced-4731-b5e5-4fb11350061a	5f60a217-7906-4fe7-a9c7-3bc93eac371d
ce302dec-33bf-40f8-b658-0e3be3348160	2023-07-30 20:06:56.914358	B25BC383	SCHEDULED	2023-07-30 20:06:56.914358	e89b4032-0bf8-4805-974e-6921c52e26ac	74e7927e-84ac-416f-a239-7cf263b29543
bb48b260-09df-48b1-93bc-f25a31782aa6	2023-07-30 20:06:56.914358	0F266B7C	SCHEDULED	2023-07-30 20:06:56.914358	e89b4032-0bf8-4805-974e-6921c52e26ac	9e31a706-ea3d-4623-b270-67161398fb4d
20134b0f-c4f7-4f30-84b5-10587c5c3ee2	2023-07-30 20:06:56.914358	E18A3105	SCHEDULED	2023-07-30 20:06:56.914358	09af6833-5ced-4731-b5e5-4fb11350061a	e83753d7-99d3-4bb8-b8dc-c1371a20a3c2
eaa80c35-7451-4615-9b16-43820cc48d18	2023-07-30 20:06:56.914358	32FA2BC2	SCHEDULED	2023-07-30 20:06:56.914358	9a33ca64-ae3a-4826-a64f-97de541ddee4	d262d84b-d1ed-418e-a3b8-814d3c8c745a
3f3c64da-e920-4504-9cd9-e2c815e766dd	2023-07-30 20:06:56.914358	8C7A2BAE	SCHEDULED	2023-07-30 20:06:56.914358	09af6833-5ced-4731-b5e5-4fb11350061a	bbfa3bd9-fe3a-48e1-85e8-c31367bc8025
4652f1db-6f00-4bd2-acee-63269d3eda46	2023-07-30 20:06:56.914358	CD1B4D7D	SCHEDULED	2023-07-30 20:06:56.914358	e89b4032-0bf8-4805-974e-6921c52e26ac	20b614cf-6a34-4c5f-9c3b-4aa1cf45b277
224d0b4e-2c86-402b-8732-76c28e98e305	2023-07-30 20:06:56.914358	C836C92A	SCHEDULED	2023-07-30 20:06:56.914358	9a33ca64-ae3a-4826-a64f-97de541ddee4	e83753d7-99d3-4bb8-b8dc-c1371a20a3c2
6f8d266e-c52a-4e7d-a9f4-bf7196e4670d	2023-07-30 20:06:56.914358	8913278A	SCHEDULED	2023-07-30 20:06:56.914358	78c2368e-0b91-4b0e-9195-80b7dca0cca9	cb0cf04a-5ff3-432a-9eec-d01df7179f79
66d90c65-5d16-427f-8317-316b3acb2a3d	2023-07-30 20:06:56.914358	A1D7CD0F	SCHEDULED	2023-07-30 20:06:56.914358	9a33ca64-ae3a-4826-a64f-97de541ddee4	6715dd09-d1f3-4185-a702-867e732873f4
55804f86-1184-4224-993f-f7e7cfcdc416	2023-07-30 20:06:56.914358	B3E3007C	SCHEDULED	2023-07-30 20:06:56.914358	e89b4032-0bf8-4805-974e-6921c52e26ac	a06df4da-36d7-46d0-a000-b7adeaac0d03
c928d64b-43ac-41d9-ab9a-85eb4fc75bc0	2023-07-30 20:06:56.914358	F71EEFED	SCHEDULED	2023-07-30 20:06:56.914358	09af6833-5ced-4731-b5e5-4fb11350061a	20b614cf-6a34-4c5f-9c3b-4aa1cf45b277
58f91535-813c-4e37-b5f3-c111c95500d8	2023-07-30 20:06:56.914358	7369D3F3	SCHEDULED	2023-07-30 20:06:56.914358	e89b4032-0bf8-4805-974e-6921c52e26ac	c321276e-57cd-49a0-9491-65b63ce6d9f7
db222a6a-06fb-4403-a5b1-60a01afa9e02	2023-07-30 20:06:56.914358	243A6AB8	SCHEDULED	2023-07-30 20:06:56.914358	5b10458d-0947-4503-864f-eba2a05e3e42	cb0cf04a-5ff3-432a-9eec-d01df7179f79
9fa4df1e-e424-4bf2-a1b2-f82d689ff65a	2023-07-30 20:06:56.914358	C62A19F4	SCHEDULED	2023-07-30 20:06:56.914358	5b10458d-0947-4503-864f-eba2a05e3e42	beb90000-536f-44f4-88b7-e962329ba9ef
e044a63b-7c57-410a-995a-6e970d1c417a	2023-07-30 20:06:56.914358	541EBDA5	SCHEDULED	2023-07-30 20:06:56.914358	78c2368e-0b91-4b0e-9195-80b7dca0cca9	98be9f8e-ef1f-419c-957e-cd910f1c2115
e7c77eea-eaa4-4c3d-bb16-69989cfd8698	2023-07-30 20:06:56.914358	96A92A2B	SCHEDULED	2023-07-30 20:06:56.914358	e89b4032-0bf8-4805-974e-6921c52e26ac	f93aaabb-27e0-4753-8c0d-0448294a3786
6d7fd5df-7d74-4b55-acf3-9bd7b9583b5e	2023-07-30 20:06:56.914358	3D2AE7F3	SCHEDULED	2023-07-30 20:06:56.914358	9a33ca64-ae3a-4826-a64f-97de541ddee4	9f703cba-2770-4821-86d8-151b869b7833
b36bb8e6-6ae8-4c71-b913-ed81e4b9b1ab	2023-07-30 20:06:56.914358	41C0788F	SCHEDULED	2023-07-30 20:06:56.914358	5b10458d-0947-4503-864f-eba2a05e3e42	beb90000-536f-44f4-88b7-e962329ba9ef
63e1c173-8f12-4911-8816-ab2060541ae3	2023-07-30 20:06:56.914358	803A9D08	SCHEDULED	2023-07-30 20:06:56.914358	78c2368e-0b91-4b0e-9195-80b7dca0cca9	20b614cf-6a34-4c5f-9c3b-4aa1cf45b277
6e803382-ac5f-4f2a-80d2-186ee2838a4a	2023-07-30 20:06:56.914358	E567B3E3	SCHEDULED	2023-07-30 20:06:56.914358	09af6833-5ced-4731-b5e5-4fb11350061a	4b5dd5a7-b5ae-4b93-9774-298444b32326
7627943d-33e3-43ab-aa7f-96dfb3c341f1	2023-07-30 20:06:56.914358	75351C34	SCHEDULED	2023-07-30 20:06:56.914358	78c2368e-0b91-4b0e-9195-80b7dca0cca9	beb90000-536f-44f4-88b7-e962329ba9ef
cc7e665b-5428-49d4-b3e3-b90dae27fd89	2023-07-30 20:06:56.914358	4D5797D6	SCHEDULED	2023-07-30 20:06:56.914358	9a33ca64-ae3a-4826-a64f-97de541ddee4	74e7927e-84ac-416f-a239-7cf263b29543
10e83c48-7fe0-4198-a7c4-4038fe64b220	2023-07-30 20:06:56.914358	FE708D78	SCHEDULED	2023-07-30 20:06:56.914358	e89b4032-0bf8-4805-974e-6921c52e26ac	5f60a217-7906-4fe7-a9c7-3bc93eac371d
0abe4549-1984-4650-b95c-0848531693bb	2023-07-30 20:06:56.914358	4D67F469	SCHEDULED	2023-07-30 20:06:56.914358	5b10458d-0947-4503-864f-eba2a05e3e42	f93aaabb-27e0-4753-8c0d-0448294a3786
7a8cb510-7ba7-4134-bd5c-65a312c4389a	2023-07-30 20:06:56.914358	F899CC99	SCHEDULED	2023-07-30 20:06:56.914358	5b10458d-0947-4503-864f-eba2a05e3e42	4b5dd5a7-b5ae-4b93-9774-298444b32326
30852e12-577b-4711-84c9-affeeebd8288	2023-07-30 20:06:56.914358	8E3D4B39	SCHEDULED	2023-07-30 20:06:56.914358	78c2368e-0b91-4b0e-9195-80b7dca0cca9	74e7927e-84ac-416f-a239-7cf263b29543
a101b116-ccd4-4abb-8b85-4503d8d7fd73	2023-07-30 20:06:56.914358	D6D53F59	SCHEDULED	2023-07-30 20:06:56.914358	f220ac32-9e72-45d8-ad24-8102468234d3	e83753d7-99d3-4bb8-b8dc-c1371a20a3c2
31f183fd-508c-42ce-8a8d-cec690f8bcfe	2023-07-30 20:06:56.914358	2EF9218C	SCHEDULED	2023-07-30 20:06:56.914358	e89b4032-0bf8-4805-974e-6921c52e26ac	c321276e-57cd-49a0-9491-65b63ce6d9f7
feb5b5bb-55a3-4666-a2d5-d15cff4f34eb	2023-07-30 20:06:56.914358	F9540C93	SCHEDULED	2023-07-30 20:06:56.914358	09af6833-5ced-4731-b5e5-4fb11350061a	74e7927e-84ac-416f-a239-7cf263b29543
cad187da-851a-4d37-9f37-0f125fa3b2a9	2023-07-30 20:08:53.056622	56578679	SCHEDULED	2023-07-30 20:08:53.056622	78c2368e-0b91-4b0e-9195-80b7dca0cca9	beb90000-536f-44f4-88b7-e962329ba9ef
4e728976-8e0f-4ea3-ad95-6734f593df6b	2023-07-30 20:08:53.056622	C4C36832	SCHEDULED	2023-07-30 20:08:53.056622	09af6833-5ced-4731-b5e5-4fb11350061a	c321276e-57cd-49a0-9491-65b63ce6d9f7
4f18e73d-f9c6-412b-b5b9-06a8a1b79c89	2023-07-30 20:08:53.056622	64B495B0	SCHEDULED	2023-07-30 20:08:53.056622	9a33ca64-ae3a-4826-a64f-97de541ddee4	9e31a706-ea3d-4623-b270-67161398fb4d
2fa717b7-aec1-41a9-8c14-575ab001e72c	2023-07-30 20:08:53.056622	C87047D7	SCHEDULED	2023-07-30 20:08:53.056622	09af6833-5ced-4731-b5e5-4fb11350061a	ef017221-d65d-42cf-8943-839dc7c284e0
5686a1e1-cabc-48dc-850f-c9732c154df5	2023-07-31 14:55:54.742335	B789A1B6	SCHEDULED	2023-07-31 14:55:54.742335	78c2368e-0b91-4b0e-9195-80b7dca0cca9	e8fe0ff8-44d0-4f72-86fe-5de0b5c631dd
f6bce74d-4215-4bf9-8211-1f184f3e01f9	2023-07-31 14:55:54.742335	54571531	SCHEDULED	2023-07-31 14:55:54.742335	c8399f02-c062-487b-8566-999088fe5ab6	ef017221-d65d-42cf-8943-839dc7c284e0
2509fb97-d584-4c57-9df4-6d31a7775619	2023-07-31 14:55:54.742335	853F7AB9	SCHEDULED	2023-07-31 14:55:54.742335	14bda528-b9b4-4839-9ed5-06ca90c8f325	d993f83e-9d0c-4206-9d55-38a6aef717fa
900dbe79-db84-46cf-bcfc-08c9229ef8a8	2023-07-31 14:55:54.742335	BCC296C4	SCHEDULED	2023-07-31 14:55:54.742335	69fd7c68-3ba4-48e8-853e-4fda3e7d7a0f	ef017221-d65d-42cf-8943-839dc7c284e0
6de676d0-b427-4efe-a97e-a8b8ebd77f0b	2023-07-31 14:55:55.815456	22C86C59	SCHEDULED	2023-07-31 14:55:55.815456	5b10458d-0947-4503-864f-eba2a05e3e42	c970a79b-ab19-40ad-89a9-be8fa9ca9e27
c500fde8-2457-455a-8e55-c85305ef523c	2023-07-31 14:55:55.815456	B2A0E182	SCHEDULED	2023-07-31 14:55:55.815456	33741016-5914-4296-804c-a49877e80810	98be9f8e-ef1f-419c-957e-cd910f1c2115
aeba6cce-405b-47e9-a64d-85ddd91bc133	2023-07-31 14:55:55.815456	DD51371C	SCHEDULED	2023-07-31 14:55:55.815456	fc400708-7111-421a-9217-ef83f311b33f	5f60a217-7906-4fe7-a9c7-3bc93eac371d
953cc772-9b0b-4fe0-b038-741da9a1580c	2023-07-31 14:55:55.815456	A163FDA2	SCHEDULED	2023-07-31 14:55:55.815456	a6fdf591-83b5-40fe-9556-46c9e524abdd	c970a79b-ab19-40ad-89a9-be8fa9ca9e27
574d50f4-c9d8-4334-a6d6-1856cd31c7d7	2023-07-31 14:55:56.284687	6C854B4E	SCHEDULED	2023-07-31 14:55:56.284687	581e81ba-bd9e-4e98-8f0d-2d55ed40efd1	98be9f8e-ef1f-419c-957e-cd910f1c2115
4959818c-ec12-4ec1-a855-53aaf18815ec	2023-07-31 14:55:56.284687	FE724063	SCHEDULED	2023-07-31 14:55:56.284687	78c2368e-0b91-4b0e-9195-80b7dca0cca9	c9e36b00-4c82-4c22-a352-371edd22d657
60bfc31d-ea81-446f-a58f-ffa78f51fa16	2023-07-31 14:55:56.284687	B575C870	SCHEDULED	2023-07-31 14:55:56.284687	5b4f8512-869e-4b18-aa51-34357fefdf60	f93aaabb-27e0-4753-8c0d-0448294a3786
afcf2d34-9555-46c0-8212-335101f35350	2023-07-31 14:55:56.284687	958702CD	SCHEDULED	2023-07-31 14:55:56.284687	3a65a53f-025a-4eb7-9ade-84a79026b8d7	4b5dd5a7-b5ae-4b93-9774-298444b32326
295f7c7d-b878-4f9c-8a9f-c12bc77a9f7a	2023-07-31 14:55:56.832744	57CD9AF9	SCHEDULED	2023-07-31 14:55:56.832744	f220ac32-9e72-45d8-ad24-8102468234d3	a06df4da-36d7-46d0-a000-b7adeaac0d03
80fa2269-7bab-4ce0-8c39-050649c15bb2	2023-07-31 14:55:56.832744	FAE80A13	SCHEDULED	2023-07-31 14:55:56.832744	5452039a-b27f-467e-b5fa-07cc43bc0eae	fd66b199-1f67-4786-a2c4-289c6deb1e36
297401de-5ff3-4651-9ac7-778704ca48a5	2023-07-31 14:55:56.832744	23E5EC19	SCHEDULED	2023-07-31 14:55:56.832744	33741016-5914-4296-804c-a49877e80810	92281ccc-4d83-418e-9338-64f4c9d77691
8f795561-81ce-4c38-9efa-4a3877b86bab	2023-07-31 14:55:56.832744	EF73E53E	SCHEDULED	2023-07-31 14:55:56.832744	3a624e9d-6866-440f-8dca-e25239b94c87	20382a2b-f63e-43d4-9c40-0fb0ed1f2855
8904f4f8-f5fa-448b-b9c2-79189a6a3691	2023-07-31 14:55:57.270303	E3563C3B	SCHEDULED	2023-07-31 14:55:57.270303	1eff13a9-1e94-47c8-834b-80c9fa4ccd91	c970a79b-ab19-40ad-89a9-be8fa9ca9e27
d60a76b7-4677-4ef8-9baa-6aced077f4db	2023-07-31 14:55:57.270303	0C5BB5E1	SCHEDULED	2023-07-31 14:55:57.270303	5c2f86a0-fc49-41ba-8657-0f2d1f14825b	74e7927e-84ac-416f-a239-7cf263b29543
cda08597-c3cc-42cf-a918-0d5899354bba	2023-07-31 14:55:57.270303	12F85ED0	SCHEDULED	2023-07-31 14:55:57.270303	65ce0497-63c2-4c26-b64c-af3434c20388	bbfa3bd9-fe3a-48e1-85e8-c31367bc8025
58015d39-1a7e-4021-8289-fab88403eb3b	2023-07-31 14:55:57.270303	D7C7C7D9	SCHEDULED	2023-07-31 14:55:57.270303	c0e5a323-e341-4af8-8667-f4f5e11bc49d	c970a79b-ab19-40ad-89a9-be8fa9ca9e27
e2c8fd8e-bcd6-4eb8-bd8d-10848b4e7b9c	2023-07-31 14:55:57.742013	475DF7A0	SCHEDULED	2023-07-31 14:55:57.742013	c8399f02-c062-487b-8566-999088fe5ab6	c970a79b-ab19-40ad-89a9-be8fa9ca9e27
66c954c9-5c47-44b3-881b-abaf0521e6a1	2023-07-31 14:55:57.742013	BEDAC9A5	SCHEDULED	2023-07-31 14:55:57.742013	e35b88f5-ec67-4348-b8cb-8522b0784de9	a06df4da-36d7-46d0-a000-b7adeaac0d03
7c771f12-4857-4e28-a2e8-c51f4a1a4123	2023-07-31 14:55:57.742013	A307D45A	SCHEDULED	2023-07-31 14:55:57.742013	ba0c0aa2-5d06-4a90-b0d5-2fea25cdd8bc	f93aaabb-27e0-4753-8c0d-0448294a3786
373c38a4-0a4e-4ea6-9941-1c1e0d990183	2023-07-31 14:55:57.742013	6E9F69BB	SCHEDULED	2023-07-31 14:55:57.742013	a7dce235-3a48-4190-9429-f5fdde10d58c	e8fe0ff8-44d0-4f72-86fe-5de0b5c631dd
4e0526c3-4ac1-4647-9ac2-63e3fd67e9fb	2023-07-31 14:55:58.168017	4D3E98CB	SCHEDULED	2023-07-31 14:55:58.168017	847d615a-19fc-4c4b-90a8-b68e6cca3843	69e2d768-2565-44d6-b452-b235ed7d7a30
6264c2be-1b7a-4dc3-9d9d-b8f10be24bd5	2023-07-31 14:55:58.168017	C88E38B3	SCHEDULED	2023-07-31 14:55:58.168017	e89b4032-0bf8-4805-974e-6921c52e26ac	e83753d7-99d3-4bb8-b8dc-c1371a20a3c2
17e84e78-692d-4f49-a51b-9b8e4aaafd23	2023-07-31 14:55:58.168017	6EF0F0B5	SCHEDULED	2023-07-31 14:55:58.168017	979b573e-e063-4018-b250-27ae808add10	47d85cfc-c47f-4d41-b267-886451538867
33edd0f6-b144-4cbd-91b9-dbfd4677b538	2023-07-31 14:55:58.168017	D2D02137	SCHEDULED	2023-07-31 14:55:58.168017	f01eebb4-47e0-4dc9-a344-e0cd3df2484f	ef017221-d65d-42cf-8943-839dc7c284e0
37328062-d274-4dc1-ad30-4d6acaf30094	2023-07-31 14:55:58.508235	6E1A725E	SCHEDULED	2023-07-31 14:55:58.508235	8fb0cb4f-7adb-4299-acef-e9812dfd95d8	84c5dc1a-4cbc-43ec-b802-ad870fb7190e
12bd471c-cce4-4300-a601-ee8885e24acc	2023-07-31 14:55:58.508235	57FC0A27	SCHEDULED	2023-07-31 14:55:58.508235	d8f504fd-d3e7-40d7-8c8d-2594c3595a5f	6715dd09-d1f3-4185-a702-867e732873f4
51627239-b3c4-4f19-856f-3f473e82f905	2023-07-31 14:55:58.508235	F171C1B6	SCHEDULED	2023-07-31 14:55:58.508235	3a65a53f-025a-4eb7-9ade-84a79026b8d7	69e2d768-2565-44d6-b452-b235ed7d7a30
ddd2a86a-f0c0-47a8-ac53-a5c07d929d33	2023-07-31 14:55:58.508235	DEB6171A	SCHEDULED	2023-07-31 14:55:58.508235	09af6833-5ced-4731-b5e5-4fb11350061a	e83753d7-99d3-4bb8-b8dc-c1371a20a3c2
eeaf75bc-e9da-400c-ae6c-d6ef790a39d9	2023-07-31 14:55:58.888646	D7A73FB6	SCHEDULED	2023-07-31 14:55:58.888646	4469feca-a0d1-4952-953a-2f4d6d7bb289	e83753d7-99d3-4bb8-b8dc-c1371a20a3c2
4afc9677-07b4-4532-b52b-337a08d59bad	2023-07-31 14:55:58.888646	9ADD28B8	SCHEDULED	2023-07-31 14:55:58.888646	d8f504fd-d3e7-40d7-8c8d-2594c3595a5f	5f60a217-7906-4fe7-a9c7-3bc93eac371d
90ee1eb8-9dce-48e8-8b86-a9be480ff739	2023-07-31 14:55:58.888646	E447FEC3	SCHEDULED	2023-07-31 14:55:58.888646	2efcfa45-cd08-4fe8-b134-345eb9c452c8	6715dd09-d1f3-4185-a702-867e732873f4
a9851f6f-ece0-4dca-94f6-6b4a1ba89c46	2023-07-31 14:55:58.888646	A676B96D	SCHEDULED	2023-07-31 14:55:58.888646	d8f504fd-d3e7-40d7-8c8d-2594c3595a5f	20b614cf-6a34-4c5f-9c3b-4aa1cf45b277
96a694ef-1800-4a9e-aeb0-f101f997fc38	2023-07-31 14:55:59.287886	C3B631F6	SCHEDULED	2023-07-31 14:55:59.287886	1eff13a9-1e94-47c8-834b-80c9fa4ccd91	92281ccc-4d83-418e-9338-64f4c9d77691
19d1d80d-0755-409e-a16b-3fad753b8f35	2023-07-31 14:55:59.287886	784CB27A	SCHEDULED	2023-07-31 14:55:59.287886	fc400708-7111-421a-9217-ef83f311b33f	84c5dc1a-4cbc-43ec-b802-ad870fb7190e
15ff7789-74b1-4983-b133-fc92156a4482	2023-07-31 14:55:59.287886	94805B22	SCHEDULED	2023-07-31 14:55:59.287886	33741016-5914-4296-804c-a49877e80810	1acc203e-9d78-4e8a-8983-d5876964ab52
0326ef93-bc1a-4d2c-9753-0579fd5b4214	2023-07-31 14:55:59.287886	E87E25C4	SCHEDULED	2023-07-31 14:55:59.287886	747542b8-58ca-4163-8a66-888e96b273c5	5f60a217-7906-4fe7-a9c7-3bc93eac371d
a111c3cf-39c3-4b21-a211-8b47805e4d8a	2023-07-31 14:55:59.629688	4F30ED6B	SCHEDULED	2023-07-31 14:55:59.629688	9ee5fea9-7b96-424c-8fe3-d728f979a723	69e2d768-2565-44d6-b452-b235ed7d7a30
69f2d2a4-c635-4829-adb2-d8596c62f15d	2023-07-31 14:55:59.629688	740ED47E	SCHEDULED	2023-07-31 14:55:59.629688	7bb3ffb3-7d21-4a05-b01f-807a8d8d9e2b	a06df4da-36d7-46d0-a000-b7adeaac0d03
c42f6f87-2491-4da5-8c73-c1632f31bce9	2023-07-31 14:55:59.629688	221746DA	SCHEDULED	2023-07-31 14:55:59.629688	9a33ca64-ae3a-4826-a64f-97de541ddee4	92281ccc-4d83-418e-9338-64f4c9d77691
be39d1d5-6439-4f84-9e10-6fdf3eaba35c	2023-07-31 14:55:59.629688	495E08E3	SCHEDULED	2023-07-31 14:55:59.629688	244bb049-4e67-4a81-b0fb-917b548196cd	724fbef0-e100-473b-9a8b-da7a49a73bf7
87842964-63fb-4549-b6f3-05d6ec010de5	2023-07-31 14:56:00.221007	A4506E7A	SCHEDULED	2023-07-31 14:56:00.221007	c0e5a323-e341-4af8-8667-f4f5e11bc49d	98be9f8e-ef1f-419c-957e-cd910f1c2115
ae5997fb-4bc3-4ca0-90fb-69e6fcc9ca05	2023-07-31 14:56:00.221007	AA2FD2DB	SCHEDULED	2023-07-31 14:56:00.221007	f220ac32-9e72-45d8-ad24-8102468234d3	c9e36b00-4c82-4c22-a352-371edd22d657
db3f79f4-3a6d-486b-8d7e-225ae75fedd8	2023-07-31 14:56:00.221007	62888821	SCHEDULED	2023-07-31 14:56:00.221007	a6fdf591-83b5-40fe-9556-46c9e524abdd	92281ccc-4d83-418e-9338-64f4c9d77691
c0434a38-80c9-477d-9a5c-2472cd79e796	2023-07-31 14:56:00.689243	30D45C7E	SCHEDULED	2023-07-31 14:56:00.689243	5452039a-b27f-467e-b5fa-07cc43bc0eae	69e2d768-2565-44d6-b452-b235ed7d7a30
c0c98275-1f9d-42f7-b122-ba630cf8087c	2023-07-31 14:56:00.689243	A2DA06F3	SCHEDULED	2023-07-31 14:56:00.689243	1c38bc4d-e501-4fa5-9f6f-ca02e465fc10	cb0cf04a-5ff3-432a-9eec-d01df7179f79
90655f55-0ab4-47da-a38e-54cb626d7993	2023-07-31 14:56:00.689243	4314793F	SCHEDULED	2023-07-31 14:56:00.689243	5b10458d-0947-4503-864f-eba2a05e3e42	c9e36b00-4c82-4c22-a352-371edd22d657
3298dcc1-9545-4bae-9b19-1adcfe1a89af	2023-07-31 14:56:00.689243	5A14131E	SCHEDULED	2023-07-31 14:56:00.689243	d8f504fd-d3e7-40d7-8c8d-2594c3595a5f	beb90000-536f-44f4-88b7-e962329ba9ef
d0b6d55d-7c7e-4906-94cb-6f64bef6e9cc	2023-07-31 14:56:01.059393	53FD40ED	SCHEDULED	2023-07-31 14:56:01.059393	e89b4032-0bf8-4805-974e-6921c52e26ac	ef017221-d65d-42cf-8943-839dc7c284e0
39e9ee2e-eace-497f-ab84-ab477d533c1b	2023-07-31 14:56:01.059393	BF8D8752	SCHEDULED	2023-07-31 14:56:01.059393	09af6833-5ced-4731-b5e5-4fb11350061a	beb90000-536f-44f4-88b7-e962329ba9ef
9f01a799-0213-4f3a-b77d-2f164db24d87	2023-07-31 14:56:01.059393	D0AA7C70	SCHEDULED	2023-07-31 14:56:01.059393	c0e5a323-e341-4af8-8667-f4f5e11bc49d	c970a79b-ab19-40ad-89a9-be8fa9ca9e27
4d5ca0f5-218d-4186-a959-b020b24331f2	2023-07-31 14:56:01.059393	DCF233BB	SCHEDULED	2023-07-31 14:56:01.059393	979b573e-e063-4018-b250-27ae808add10	47d85cfc-c47f-4d41-b267-886451538867
03379b8b-de87-46ba-8fc5-fe7502a5075d	2023-07-31 14:56:01.389275	00A553DE	SCHEDULED	2023-07-31 14:56:01.389275	5452039a-b27f-467e-b5fa-07cc43bc0eae	d993f83e-9d0c-4206-9d55-38a6aef717fa
8c7dcd31-f182-4e71-940d-fec745a4b3b2	2023-07-31 14:56:01.389275	AEDDDAA4	SCHEDULED	2023-07-31 14:56:01.389275	839caeab-a21a-44e2-845e-454ea3dc2eaa	a06df4da-36d7-46d0-a000-b7adeaac0d03
a50d5eef-447f-466c-a2f4-bae9c77f869e	2023-07-31 14:56:01.389275	DA38EC1D	SCHEDULED	2023-07-31 14:56:01.389275	8aa5b500-0262-4d22-8227-27d81272763b	a06df4da-36d7-46d0-a000-b7adeaac0d03
e5dc7548-7876-4e7a-985a-e5284f9048cf	2023-07-31 14:56:01.389275	6C32F192	SCHEDULED	2023-07-31 14:56:01.389275	9be94312-befd-49fd-b71d-507c9e5a8197	724fbef0-e100-473b-9a8b-da7a49a73bf7
c191bb3f-ec01-49ec-89a7-9ecd92ec6a54	2023-07-31 14:56:01.737969	BAA58034	SCHEDULED	2023-07-31 14:56:01.737969	e35b88f5-ec67-4348-b8cb-8522b0784de9	e8fe0ff8-44d0-4f72-86fe-5de0b5c631dd
21c43b79-3472-415b-aa56-f0d379646e75	2023-07-31 14:56:01.737969	604FDBA5	SCHEDULED	2023-07-31 14:56:01.737969	14bda528-b9b4-4839-9ed5-06ca90c8f325	20b614cf-6a34-4c5f-9c3b-4aa1cf45b277
65b18451-f4c6-453b-9f3a-fcb689445b2e	2023-07-31 14:56:01.737969	F5A8401C	SCHEDULED	2023-07-31 14:56:01.737969	8fb0cb4f-7adb-4299-acef-e9812dfd95d8	98be9f8e-ef1f-419c-957e-cd910f1c2115
97606542-193a-4ccd-828d-73c3f7c83d85	2023-07-31 14:56:01.737969	3886C969	SCHEDULED	2023-07-31 14:56:01.737969	581e81ba-bd9e-4e98-8f0d-2d55ed40efd1	f93aaabb-27e0-4753-8c0d-0448294a3786
da2f15df-4323-412c-a253-2fa24a8ec13b	2023-07-31 14:56:02.11321	F1E5EE68	SCHEDULED	2023-07-31 14:56:02.11321	2e462460-e15a-47f9-ab12-16a225c19d83	5f60a217-7906-4fe7-a9c7-3bc93eac371d
200e96d7-db66-4083-a93b-cedec6029a07	2023-07-31 14:56:02.11321	9BC4ADFB	SCHEDULED	2023-07-31 14:56:02.11321	69fd7c68-3ba4-48e8-853e-4fda3e7d7a0f	e83753d7-99d3-4bb8-b8dc-c1371a20a3c2
6ad2c3b8-c444-40b8-b620-904a0bea369b	2023-07-31 14:56:02.11321	47E84AEE	SCHEDULED	2023-07-31 14:56:02.11321	2efcfa45-cd08-4fe8-b134-345eb9c452c8	363bbb0d-73fe-4870-922d-7093bfd1e002
8caeef7d-5ee0-4a78-9c77-e3cefe3d9d7a	2023-07-31 14:56:02.11321	5C1C8D19	SCHEDULED	2023-07-31 14:56:02.11321	1eff13a9-1e94-47c8-834b-80c9fa4ccd91	92281ccc-4d83-418e-9338-64f4c9d77691
ae04ccb2-4f4c-442e-80a3-6935c5c5752e	2023-07-31 14:56:02.40523	D75A9F34	SCHEDULED	2023-07-31 14:56:02.40523	fed04fc7-8d67-4d38-9f15-3e408ff59666	4a5acdc0-b527-46d0-8cad-0f1282f10575
70040254-6f3f-4346-8c1a-af5fb145cc35	2023-07-31 14:56:02.40523	F3B00B4D	SCHEDULED	2023-07-31 14:56:02.40523	fc400708-7111-421a-9217-ef83f311b33f	f93aaabb-27e0-4753-8c0d-0448294a3786
011bc80a-8f73-48b9-bb6a-3d44857bf06b	2023-07-31 14:56:02.40523	8B4DF1D5	SCHEDULED	2023-07-31 14:56:02.40523	ba0c0aa2-5d06-4a90-b0d5-2fea25cdd8bc	4766daae-1d57-4a8b-86e1-b9dde594575f
6efda25c-c46e-4f62-aa9c-d0503341ac95	2023-07-31 14:56:02.653691	7D127FA8	SCHEDULED	2023-07-31 14:56:02.653691	33741016-5914-4296-804c-a49877e80810	beb90000-536f-44f4-88b7-e962329ba9ef
f11e6536-dabf-422e-bc44-e0af6632a609	2023-07-31 14:56:02.653691	C5EEEC71	SCHEDULED	2023-07-31 14:56:02.653691	1c38bc4d-e501-4fa5-9f6f-ca02e465fc10	bbfa3bd9-fe3a-48e1-85e8-c31367bc8025
8bc4413e-286c-465f-bc41-bf8b2e8f6400	2023-07-31 14:56:02.653691	3E0526B3	SCHEDULED	2023-07-31 14:56:02.653691	5b4f8512-869e-4b18-aa51-34357fefdf60	d262d84b-d1ed-418e-a3b8-814d3c8c745a
79207450-41bc-4eef-8ee2-addc96449fe9	2023-07-31 14:56:02.653691	E22CC422	SCHEDULED	2023-07-31 14:56:02.653691	8aa5b500-0262-4d22-8227-27d81272763b	c970a79b-ab19-40ad-89a9-be8fa9ca9e27
cfbc414c-97a8-44f8-9ab8-db86fd8516fa	2023-07-31 14:56:03.449844	C559C45D	SCHEDULED	2023-07-31 14:56:03.449844	69fd7c68-3ba4-48e8-853e-4fda3e7d7a0f	cb0cf04a-5ff3-432a-9eec-d01df7179f79
76863f38-a2ba-4b94-8176-8762e2ccb4fb	2023-07-31 14:56:03.449844	664F491C	SCHEDULED	2023-07-31 14:56:03.449844	244bb049-4e67-4a81-b0fb-917b548196cd	bbfa3bd9-fe3a-48e1-85e8-c31367bc8025
35162dc0-0105-4e1f-852e-ed0bbe03c936	2023-07-31 14:56:03.449844	64B543AA	SCHEDULED	2023-07-31 14:56:03.449844	2e462460-e15a-47f9-ab12-16a225c19d83	1acc203e-9d78-4e8a-8983-d5876964ab52
662bed80-2d0a-460c-ab67-a5fd7b4e9614	2023-08-02 17:21:12.68926	KOWRVCAT	SCHEDULED	2023-08-02 17:21:12.68926	33741016-5914-4296-804c-a49877e80810	fd66b199-1f67-4786-a2c4-289c6deb1e36
1d46539f-1655-475a-862a-d8561ef3d257	2023-08-02 17:27:58.375076	LGSVKJF2	SCHEDULED	2023-08-02 17:27:58.375076	33741016-5914-4296-804c-a49877e80810	fd66b199-1f67-4786-a2c4-289c6deb1e36
9f39c20e-5fd9-49ae-aa6f-a89da70bf6fe	2023-08-05 11:24:00.625735	KWX7LTCH	SCHEDULED	2023-08-05 11:24:00.625735	e4a9f41e-214b-4e92-bf05-49644459d6bc	fd66b199-1f67-4786-a2c4-289c6deb1e36
a64a7e80-e6e6-4745-ba1b-9b27909c11c8	2023-08-05 17:04:29.713696	WQC5C9FR	SCHEDULED	2023-08-05 17:04:29.713696	e4a9f41e-214b-4e92-bf05-49644459d6bc	ce4bfa9a-31eb-40af-93ec-76cdbd760f6d
75bfb035-e3db-4cf7-a91c-fd640f5058cc	2023-08-05 17:17:52.652959	AJGULKG5	SCHEDULED	2023-08-11 20:24:48.304074	e4a9f41e-214b-4e92-bf05-49644459d6bc	ce4bfa9a-31eb-40af-93ec-76cdbd760f6d
\.


--
-- Data for Name: role; Type: TABLE DATA; Schema: public; Owner: postgres
--

COPY public.role (id, name) FROM stdin;
1	ROLE_ADMIN
2	ROLE_USER
3	ROLE_Master
\.


--
-- Data for Name: service; Type: TABLE DATA; Schema: public; Owner: postgres
--

COPY public.service (service_id, created_date, description, name, service_rating, updated_date, master_id) FROM stdin;
beb90000-536f-44f4-88b7-e962329ba9ef	2023-07-30 19:54:27.285084	Enjoy a relaxing full-body massage by Viktor Popov Master. Price: 150 euro	Massage	0	2023-07-31 19:34:56.149038	e356cae6-2662-4fff-84a7-2ad527c874b8
9f703cba-2770-4821-86d8-151b869b7833	2023-07-30 19:54:27.285084	Get a trendy hair color change by Andrey Ivanov Master. Price: 85 euro	Hair Color	0	2023-08-01 18:02:12.496538	744bfe97-1324-4b0f-a38b-7622d705492e
9e31a706-ea3d-4623-b270-67161398fb4d	2023-07-30 19:54:27.285084	Indulge in a rejuvenating spa therapy by Olga Morozova Master. Price: 200 euro	Spa Therapy	5	2023-07-30 19:54:27.285084	e8f87506-7cc2-4383-bbab-431b024b69f5
20b614cf-6a34-4c5f-9c3b-4aa1cf45b277	2023-07-30 19:54:27.285084	Get perfect nails with Ivan Kozlov Master. Price: 50 euro	Manicure	4	2023-07-30 19:54:27.285084	391f120c-77d8-410c-932c-c8524c0b1e1e
c970a79b-ab19-40ad-89a9-be8fa9ca9e27	2023-07-30 19:54:27.285084	Experience a refreshing facial treatment by Natalia Petrova Master. Price: 100 euro	Facial Treatment	4	2023-07-30 19:54:27.285084	e8f87506-7cc2-4383-bbab-431b024b69f5
5f60a217-7906-4fe7-a9c7-3bc93eac371d	2023-07-30 19:54:27.285084	Get a relaxing pedicure by Ekaterina Morozova Master. Price: 60 euro	Pedicure	3	2023-07-30 19:54:27.285084	744bfe97-1324-4b0f-a38b-7622d705492e
c321276e-57cd-49a0-9491-65b63ce6d9f7	2023-07-30 20:06:56.735949	Get a trendy haircut by John Smith Master. Price: $50	Haircut	4	2023-07-30 20:06:56.735949	cb0c32ff-2899-4dd8-b7b4-edaccb1cfac7
bbfa3bd9-fe3a-48e1-85e8-c31367bc8025	2023-07-30 20:06:56.735949	Experience a refreshing hair coloring by Emily Johnson Master. Price: $80	Coloring	5	2023-07-30 20:06:56.735949	16acd501-a0cf-4713-af06-ee4a242d7771
d262d84b-d1ed-418e-a3b8-814d3c8c745a	2023-07-30 20:06:56.735949	Enjoy a relaxing full-body massage by Michael Williams Master. Price: $100	Massage	3	2023-07-30 20:06:56.735949	7ff6210c-4ce2-42ea-baf1-457056ef8390
e83753d7-99d3-4bb8-b8dc-c1371a20a3c2	2023-07-30 20:06:56.735949	Get perfect nails with Emma Brown Master. Price: $40	Manicure	4	2023-07-30 20:06:56.735949	e356cae6-2662-4fff-84a7-2ad527c874b8
c9e36b00-4c82-4c22-a352-371edd22d657	2023-07-30 20:06:56.735949	Indulge in a rejuvenating pedicure by David Jones Master. Price: $50	Pedicure	5	2023-07-30 20:06:56.735949	957655ac-0f38-4db4-8cf1-4676a26153e6
74e7927e-84ac-416f-a239-7cf263b29543	2023-07-30 20:06:56.735949	Experience a refreshing facial treatment by Sarah Davis Master. Price: $60	Facial Treatment	3	2023-07-30 20:06:56.735949	391f120c-77d8-410c-932c-c8524c0b1e1e
cb0cf04a-5ff3-432a-9eec-d01df7179f79	2023-07-30 20:06:56.735949	Relax and rejuvenate with a spa therapy by William Anderson Master. Price: $120	Spa Therapy	4	2023-07-30 20:06:56.735949	4b252857-f7f0-4225-9cbd-fcb7fde8a417
6715dd09-d1f3-4185-a702-867e732873f4	2023-07-30 20:06:56.735949	Get glamorous nail extensions by Olivia Lee Master. Price: $60	Nail Extensions	5	2023-07-30 20:06:56.735949	de63c404-54bb-4d28-9365-6e2ff25c5d23
f93aaabb-27e0-4753-8c0d-0448294a3786	2023-07-30 20:06:56.735949	Get a stylish hairdo by James Clark Master. Price: $70	Hair Styling	3	2023-07-30 20:06:56.735949	cb0c32ff-2899-4dd8-b7b4-edaccb1cfac7
98be9f8e-ef1f-419c-957e-cd910f1c2115	2023-07-30 20:06:56.735949	Get smooth and radiant skin with Ava Scott Master. Price: $30	Facial Waxing	4	2023-07-30 20:06:56.735949	391f120c-77d8-410c-932c-c8524c0b1e1e
a06df4da-36d7-46d0-a000-b7adeaac0d03	2023-07-30 20:06:56.735949	Groom your beard to perfection with William Robinson Master. Price: $35	Beard Grooming	5	2023-07-30 20:06:56.735949	c6f17038-c42b-4a9d-a889-ba9f52b77e5a
4b5dd5a7-b5ae-4b93-9774-298444b32326	2023-07-30 20:06:56.735949	Transform your hair with Sophia Martinez Master. Price: $90	Hair Extensions	3	2023-07-30 20:06:56.735949	4b252857-f7f0-4225-9cbd-fcb7fde8a417
4a5acdc0-b527-46d0-8cad-0f1282f10575	2023-07-30 20:08:53.031837	Get a trendy haircut by John Smith Master. Price: $50	Haircut	4	2023-07-30 20:08:53.031837	e8f87506-7cc2-4383-bbab-431b024b69f5
1acc203e-9d78-4e8a-8983-d5876964ab52	2023-07-30 20:08:53.031837	Enjoy a relaxing full-body massage by Michael Williams Master. Price: $100	Massage	3	2023-07-30 20:08:53.031837	391f120c-77d8-410c-932c-c8524c0b1e1e
363bbb0d-73fe-4870-922d-7093bfd1e002	2023-07-30 20:08:53.031837	Get perfect nails with Emma Brown Master. Price: $40	Manicure	4	2023-07-30 20:08:53.031837	391f120c-77d8-410c-932c-c8524c0b1e1e
e8fe0ff8-44d0-4f72-86fe-5de0b5c631dd	2023-07-30 20:08:53.031837	Indulge in a rejuvenating pedicure by David Jones Master. Price: $50	Pedicure	5	2023-07-30 20:08:53.031837	e356cae6-2662-4fff-84a7-2ad527c874b8
84c5dc1a-4cbc-43ec-b802-ad870fb7190e	2023-07-30 20:08:53.031837	Relax and rejuvenate with a spa therapy by William Anderson Master. Price: $120	Spa Therapy	4	2023-07-30 20:08:53.031837	de63c404-54bb-4d28-9365-6e2ff25c5d23
20382a2b-f63e-43d4-9c40-0fb0ed1f2855	2023-07-30 20:08:53.031837	Get glamorous nail extensions by Olivia Lee Master. Price: $60	Nail Extensions	5	2023-07-30 20:08:53.031837	de63c404-54bb-4d28-9365-6e2ff25c5d23
47d85cfc-c47f-4d41-b267-886451538867	2023-07-30 20:08:53.031837	Get a stylish hairdo by James Clark Master. Price: $70	Hair Styling	3	2023-07-30 20:08:53.031837	79d005c5-399f-4845-9db7-67361d45c2b1
cadc2f61-564c-4b9e-98b8-b8905da960b1	2023-07-30 20:08:53.031837	Get smooth and radiant skin with Ava Scott Master. Price: $30	Facial Waxing	4	2023-07-30 20:08:53.031837	f9e1cfb2-51ef-42f3-9870-ed82b13289c3
92281ccc-4d83-418e-9338-64f4c9d77691	2023-07-30 20:08:53.031837	Groom your beard to perfection with William Robinson Master. Price: $35	Beard Grooming	5	2023-07-30 20:08:53.031837	cb0c32ff-2899-4dd8-b7b4-edaccb1cfac7
724fbef0-e100-473b-9a8b-da7a49a73bf7	2023-07-30 20:08:53.031837	Transform your hair with Sophia Martinez Master. Price: $90	Hair Extensions	3	2023-07-30 20:08:53.031837	b368ac26-0a15-4962-a72a-135e2c01928f
d993f83e-9d0c-4206-9d55-38a6aef717fa	2023-07-30 20:08:53.031837	Get a stunning makeup look by Olivia Hernandez Master. Price: $50	Makeup	4	2023-07-30 20:08:53.031837	b368ac26-0a15-4962-a72a-135e2c01928f
4766daae-1d57-4a8b-86e1-b9dde594575f	2023-07-30 20:08:53.031837	Experience smooth skin with Liam Davis Master. Price: $40	Waxing	5	2023-07-30 20:08:53.031837	391f120c-77d8-410c-932c-c8524c0b1e1e
ef017221-d65d-42cf-8943-839dc7c284e0	2023-07-30 20:08:53.031837	Get perfectly shaped eyebrows with Emma Wilson Master. Price: $25	Eyebrow Shaping	3	2023-07-30 20:08:53.031837	c6f17038-c42b-4a9d-a889-ba9f52b77e5a
fd66b199-1f67-4786-a2c4-289c6deb1e36	2023-07-30 20:08:53.031837	Experience a refreshing hair coloring by Emily Johnson Master. Price: $75	Coloring	0	2023-08-01 18:05:09.645067	cb0c32ff-2899-4dd8-b7b4-edaccb1cfac7
69e2d768-2565-44d6-b452-b235ed7d7a30	2023-07-30 20:08:53.031837	Experience a refreshing facial treatment by Sarah Davis Master. Price: $50	Facial Treatment	0	2023-08-05 17:03:09.222856	4b252857-f7f0-4225-9cbd-fcb7fde8a417
ce4bfa9a-31eb-40af-93ec-76cdbd760f6d	2023-08-05 17:04:08.476684	Nail service by Viktor Popov. Price 60$.	Nail service 5	0	2023-08-11 20:22:59.679679	744bfe97-1324-4b0f-a38b-7622d705492e
\.


--
-- Data for Name: user; Type: TABLE DATA; Schema: public; Owner: postgres
--

COPY public."user" (id, username, password, enabled) FROM stdin;
1	admin	admin_password	t
2	user	user_password	t
\.


--
-- Name: authority_id_seq; Type: SEQUENCE SET; Schema: public; Owner: postgres
--

SELECT pg_catalog.setval('public.authority_id_seq', 3, true);


--
-- Name: customer_customer_id_seq; Type: SEQUENCE SET; Schema: public; Owner: postgres
--

SELECT pg_catalog.setval('public.customer_customer_id_seq', 1, false);


--
-- Name: role_id_seq; Type: SEQUENCE SET; Schema: public; Owner: postgres
--

SELECT pg_catalog.setval('public.role_id_seq', 3, true);


--
-- Name: user_id_seq; Type: SEQUENCE SET; Schema: public; Owner: postgres
--

SELECT pg_catalog.setval('public.user_id_seq', 2, true);


--
-- Name: authority authority_pkey; Type: CONSTRAINT; Schema: public; Owner: postgres
--

ALTER TABLE ONLY public.authority
    ADD CONSTRAINT authority_pkey PRIMARY KEY (id);


--
-- Name: client client_email_key; Type: CONSTRAINT; Schema: public; Owner: postgres
--

ALTER TABLE ONLY public.client
    ADD CONSTRAINT client_email_key UNIQUE (email);


--
-- Name: client client_phone_number_key; Type: CONSTRAINT; Schema: public; Owner: postgres
--

ALTER TABLE ONLY public.client
    ADD CONSTRAINT client_phone_number_key UNIQUE (phone_number);


--
-- Name: client client_pkey; Type: CONSTRAINT; Schema: public; Owner: postgres
--

ALTER TABLE ONLY public.client
    ADD CONSTRAINT client_pkey PRIMARY KEY (client_id);


--
-- Name: customer customer_pkey; Type: CONSTRAINT; Schema: public; Owner: postgres
--

ALTER TABLE ONLY public.customer
    ADD CONSTRAINT customer_pkey PRIMARY KEY (customer_id);


--
-- Name: master master_email_key; Type: CONSTRAINT; Schema: public; Owner: postgres
--

ALTER TABLE ONLY public.master
    ADD CONSTRAINT master_email_key UNIQUE (email);


--
-- Name: master master_phone_number_key; Type: CONSTRAINT; Schema: public; Owner: postgres
--

ALTER TABLE ONLY public.master
    ADD CONSTRAINT master_phone_number_key UNIQUE (phone_number);


--
-- Name: master master_pkey; Type: CONSTRAINT; Schema: public; Owner: postgres
--

ALTER TABLE ONLY public.master
    ADD CONSTRAINT master_pkey PRIMARY KEY (master_id);


--
-- Name: order_table order_table_pkey; Type: CONSTRAINT; Schema: public; Owner: postgres
--

ALTER TABLE ONLY public.order_table
    ADD CONSTRAINT order_table_pkey PRIMARY KEY (order_id);


--
-- Name: role role_pkey; Type: CONSTRAINT; Schema: public; Owner: postgres
--

ALTER TABLE ONLY public.role
    ADD CONSTRAINT role_pkey PRIMARY KEY (id);


--
-- Name: service service_pkey; Type: CONSTRAINT; Schema: public; Owner: postgres
--

ALTER TABLE ONLY public.service
    ADD CONSTRAINT service_pkey PRIMARY KEY (service_id);


--
-- Name: user user_pkey; Type: CONSTRAINT; Schema: public; Owner: postgres
--

ALTER TABLE ONLY public."user"
    ADD CONSTRAINT user_pkey PRIMARY KEY (id);


--
-- Name: service fk2oavcw5kluw47uno7yri6rm7d; Type: FK CONSTRAINT; Schema: public; Owner: postgres
--

ALTER TABLE ONLY public.service
    ADD CONSTRAINT fk2oavcw5kluw47uno7yri6rm7d FOREIGN KEY (master_id) REFERENCES public.master(master_id) ON DELETE CASCADE;


--
-- Name: order_table fk45qdixgtn84q8aulwt0xgj81m; Type: FK CONSTRAINT; Schema: public; Owner: postgres
--

ALTER TABLE ONLY public.order_table
    ADD CONSTRAINT fk45qdixgtn84q8aulwt0xgj81m FOREIGN KEY (client_id) REFERENCES public.client(client_id) ON DELETE CASCADE;


--
-- Name: order_table fknky7ibfgt0hm0ie4qmg5v8yc5; Type: FK CONSTRAINT; Schema: public; Owner: postgres
--

ALTER TABLE ONLY public.order_table
    ADD CONSTRAINT fknky7ibfgt0hm0ie4qmg5v8yc5 FOREIGN KEY (service_id) REFERENCES public.service(service_id) ON DELETE CASCADE;


--
-- PostgreSQL database dump complete
--

